name,CR,XP,alignment,size,type,Init,HP,EAC,KAC,fortitude,reflex,will,speed,STR,DEX,CON,INT,WIS,CHA,melee_name,melee_ab,melee_damage_raw,melee_damage_avg,ranged_name,ranged_ab,ranged_damage_raw,ranged_damage_avg,acrobatics,athletics,bluff,computers,culture,diplomacy,disguise,engineering,intimidate,life_science,medicine,mysticism,perception,physical_science,piloting,profession,sense_motive,sleight_of_hand,stealth,survival
AHAV,12.0,19200,N,Huge,construct,8,200,26,28,12,12,9,60,5.0,8,,-2.0,4,2,,,,,medium machine gun,26.0,3d10+12,28.5,0,0,0,0,0,0,0,0,0,0,0,0,27,0,0,0,0,0,22,0
Aasimar,1.0,400,NG,Medium,outsider,2,17,11,12,1,3,4,30,0.0,2,0.0,0.0,1,4,,,,,azimuth laser pistol,6.0,1d4+1,3.5,0,0,0,0,5,10,0,0,0,0,5,0,10,0,0,0,10,0,0,0
Acrochor,8.0,4800,N,Medium,animal,6,128,20,22,12,12,7,40,4.0,6,2.0,-5.0,0,0,bite,19.0,3d4+12,19.5,,,,,0,21,0,0,0,0,0,0,0,0,0,0,16,0,0,0,0,0,16,16
Adult Nyssholora,11.0,12800,N,Huge,magical beast,0,180,24,26,15,10,13,40,8.0,0,5.0,-4.0,3,-2,bite,24.0,4d6+19,33.0,,,,,0,25,0,0,0,0,0,0,0,0,0,0,20,0,0,0,0,0,0,0
Adult Silver Dragon,14.0,38400,LG,Huge,dragon,3,235,28,29,14,14,19,40,8.0,3,3.0,6.0,3,4,bite,26.0,6d6+22,43.0,,,,,25,0,0,30,0,30,25,0,0,30,0,25,25,30,0,0,25,0,0,0
Aeon Guard,3.0,800,LE,Medium,humanoid,5,48,19,22,5,3,4,20,2.0,4,1.0,1.0,1,1,thunderstrike pulse gauntlet,8.0,1d6+5,8.5,AG assault rifle,11.0,1d8+3,7.5,0,8,0,0,0,0,0,0,8,0,0,0,8,0,0,8,0,0,10,0
Aeon Guard Specialist,7.0,3200,LE,Medium,humanoid,8,102,22,23,9,9,10,40,1.0,5,1.0,4.0,2,1,tactical knife,13.0,2d4+9,14.0,AG accelerator rifle,15.0,3d4+7,14.5,20,15,0,20,0,0,0,0,0,0,0,0,15,0,15,15,0,0,20,0
Aeon Stone Network,7.0,3200,N,Fine,construct,5,91,19,20,6,10,6,40,0.0,5,,1.0,3,1,,,,,,,,,0,0,0,14,0,0,0,14,0,19,0,19,14,19,0,0,0,0,0,0
Akata,1.0,400,N,Medium,aberration,6,18,12,13,3,3,3,40,1.0,2,4.0,-4.0,1,0,bite,8.0,1d6+2,5.5,,,,,5,5,0,0,0,0,0,0,0,0,0,0,5,0,0,0,0,0,10,0
Anacite Ambassador,6.0,2400,LN,Medium,construct,3,90,18,20,3,3,7,40,0.0,3,,4.0,1,4,slam,13.0,1d6+6,9.5,retractable laser,15.0,1d6+6,9.5,0,0,13,0,18,18,0,0,0,0,0,0,13,0,0,0,13,0,0,0
Anacite Laborer,7.0,3200,LN,Medium,construct,2,100,19,20,4,4,8,40,5.0,2,,4.0,0,0,plasma cutter,16.0,1d8+12,16.5,electrical burst,14.0,1d8+7,11.5,0,0,0,19,0,0,0,19,0,0,0,0,19,0,14,0,0,0,14,0
Anacite Predator Drone,10.0,9600,LN,Large,construct,5,165,23,25,10,10,7,30,8.0,5,,0.0,3,0,horn,23.0,2d10+18,29.0,integrated automatic laser,20.0,4d4+10,20.0,19,24,0,0,0,0,0,0,0,0,0,0,19,0,0,0,0,0,19,0
Anacite Wingbot,0.5,200,N,Small,construct,3,13,10,12,0,0,-2,40,2.0,3,,-5.0,1,-2,bite,4.0,1d6+2,5.5,,,,,0,9,0,0,0,0,0,0,0,0,0,0,4,0,0,0,0,0,4,0
Anchorite,4.0,1200,LE,Medium,outsider,5,50,16,18,6,8,3,30,1.0,5,3.0,0.0,1,1,ascetic velstrac flenser,10.0,1d4+5,7.5,tactical acid dart rifle,13.0,1d8+4,8.5,15,10,0,0,0,0,0,0,10,0,0,0,10,0,0,0,10,0,0,0
Anhamut,10.0,9600,LN,Medium,outsider,3,180,23,24,11,9,13,30,2.0,3,2.0,5.0,2,8,nanite blade,21.0,2d8+12,21.0,electric discharge,19.0,3d4+10,17.5,0,0,0,24,19,24,0,24,0,0,0,0,19,0,0,0,19,0,0,0
Apari,7.0,3200,N,Large,vermin,2,105,19,21,11,6,9,30,4.0,2,5.0,,0,0,claw,17.0,2d6+11,18.0,spike,14.0,2d8+7,16.0,0,19,0,0,0,0,0,0,14,0,0,0,14,0,0,0,0,0,0,14
Apari Constituent,2.0,600,N,Tiny,vermin,4,20,13,15,6,4,1,30,2.0,4,1.0,,0,0,claw,10.0,1d6+4,7.5,,,,,12,0,0,0,0,0,0,0,7,0,0,0,7,0,0,0,0,0,0,7
Arquand Gazelle,4.0,1200,N,Large,animal,5,50,16,18,7,9,3,50,3.0,5,0.0,-4.0,0,1,gore,9.0,1d6+7,10.5,,,,,0,15,0,0,0,0,0,0,0,0,0,0,10,0,0,0,0,0,0,0
Assassin Robot,9.0,6400,N,Medium,construct,6,135,22,23,6,10,6,40,4.0,6,,1.0,2,0,microserrated longsword,18.0,2d10+13,24.0,,,,,22,17,0,17,0,0,0,0,0,0,0,0,22,0,0,0,0,0,22,0
Assembly Ooze,1.0,400,N,Medium,ooze,4,17,11,12,3,-1,2,30,2.0,1,4.0,,0,0,pseudopod,6.0,1d4+3,5.5,,,,,0,10,0,0,0,0,0,0,0,0,0,0,7,0,0,0,0,0,10,0
Asteray,12.0,19200,CN,Medium,fey,5,170,25,26,13,13,15,30,1.0,5,4.0,2.0,3,8,tail whip,20.0,2d12+13,26.0,electrical blast,18.0,2d8+12,21.0,0,0,27,0,27,0,0,0,0,0,0,0,22,0,0,0,0,0,22,0
Asteroid Louse,0.5,200,N,Small,vermin,2,13,10,12,4,2,0,30,1.0,2,3.0,,0,-4,,,,,,,,,0,0,0,0,0,0,0,0,0,0,0,0,4,0,0,0,0,0,0,0
Atrocite,10.0,9600,CE,Medium,outsider,2,147,23,22,9,9,15,40,5.0,2,2.0,0.0,3,8,slam,17.0,2d8+15,24.0,void bolt,19.0,3d4+10,17.5,0,0,0,0,0,0,0,0,24,0,0,24,19,0,0,0,19,0,0,0
Azlanti Adjutant,3.0,800,N,Medium,construct,4,42,14,16,3,3,0,30,2.0,4,,1.0,0,0,slam,9.0,1d6+5,8.5,integrated azimuth laser rifle,12.0,1d8+3,7.5,0,8,0,0,8,0,0,0,0,0,0,0,8,0,0,0,13,0,0,0
Azlanti Battle Robot,6.0,2400,N,Medium,construct,3,90,18,20,6,6,3,40,5.0,3,,0.0,2,0,slam,17.0,1d8+11,15.5,disintegrator beam,14.0,2d6+6,13.0,0,0,0,0,0,0,0,13,13,0,0,0,18,0,0,0,0,0,0,0
Barachius,7.0,3200,NG,Large,outsider,4,95,21,22,8,6,10,50,5.0,4,4.0,1.0,2,2,holy sintered longsword,16.0,2d8+12,21.0,holy corona laser rifle,14.0,2d6+7,14.0,0,0,0,19,19,0,0,19,0,0,0,14,14,0,0,0,14,0,0,0
Barathu,5.0,1600,LN,Large,aberration,0,65,17,18,4,4,10,30,1.0,0,3.0,2.0,5,0,slam,12.0,1d4+6,8.5,,,,,17,0,0,0,0,12,0,0,0,12,0,0,17,0,0,0,17,0,0,0
Barathu (Early Stage),2.0,600,LN,Medium,aberration,0,23,13,14,3,1,7,30,1.0,0,2.0,1.0,4,0,slam,8.0,1d4+3,5.5,,,,,13,0,0,0,0,8,0,0,0,8,0,0,13,0,0,0,13,0,0,0
Baykok,9.0,6400,NE,Medium,undead,6,144,23,23,11,11,10,30,4.0,6,,0.0,0,3,claw,18.0,2d8+13,22.0,combat rifle,21.0,3d8+9,22.5,17,0,0,0,0,0,0,0,0,0,0,0,17,0,0,0,0,0,22,17
Bloodbrother,7.0,3200,NE,Huge,magical beast,2,107,19,21,11,11,6,30,5.0,2,4.0,0.0,0,0,slam,18.0,2d6+12,19.0,,,,,0,19,0,0,0,0,0,0,14,0,0,0,14,0,0,0,0,0,0,14
Bodysnatcher Autocrat,10.0,9600,N,Medium,ooze,5,140,23,23,11,8,11,20,4.0,5,5.0,-1.0,2,-1,slam,20.0,2d8+14,23.0,,,,,0,19,24,0,0,0,19,0,0,0,0,0,19,0,0,0,0,0,24,0
Bodysnatcher Slime,3.0,800,N,Small,ooze,3,33,14,14,4,2,4,20,2.0,3,2.0,-3.0,0,-1,slam,9.0,1d4+5,7.5,,,,,0,8,0,0,0,0,8,0,0,0,0,0,8,0,0,0,0,0,13,0
Bolida Miner,2.0,600,CN,Medium,vermin,5,25,14,17,4,2,3,40,4.0,1,2.0,0.0,1,0,tactical pike,10.0,1d8+6,10.5,tactical crossbolter,7.0,1d10+2,7.5,0,7,0,0,0,0,0,0,0,0,0,0,7,7,0,0,0,0,0,12
Bolida Overseer,8.0,4800,CN,Medium,vermin,2,115,21,22,9,9,9,30,2.0,2,4.0,6.0,1,0,carbon staff,17.0,1d8+10,14.5,,,,,0,16,0,21,0,0,0,21,0,0,0,0,18,0,0,0,0,0,0,21
Bone Trooper,3.0,800,LE,Medium,undead,7,34,13,14,2,2,8,30,1.0,3,,4.0,0,1,tactical dueling sword,5.0,1d6+4,7.5,,,,,0,0,0,13,0,0,0,0,0,0,0,8,8,0,13,0,0,0,0,0
Bone Trooper Captain,8.0,4800,LE,Medium,undead,10,125,20,23,10,10,9,30,4.0,6,,2.0,2,2,shock officer dueling sword,16.0,3d4+12,19.5,red star plasma pistol,19.0,1d8+8,12.5,0,0,0,0,0,16,0,16,16,0,0,0,16,0,21,0,0,0,0,0
Bone Trooper Technomancer,3.0,800,LE,Medium,undead,7,34,13,14,2,2,8,30,1.0,3,,4.0,0,1,tactical dueling sword,5.0,1d6+4,7.5,,,,,0,0,0,13,0,0,0,0,0,0,0,8,8,0,13,0,0,0,0,0
Bryrvath,15.0,51200,CE,Medium,aberration,9,233,28,29,13,13,20,40,7.0,5,5.0,9.0,5,5,claw,22.0,5d8+22,44.5,ray of light,24.0,4d6+15,29.0,0,0,0,0,0,0,0,0,26,0,0,31,26,0,0,0,0,0,31,0
Calecor,17.0,102400,CN,Large,fey,5,300,30,31,17,17,20,60,4.0,5,4.0,2.0,8,11,slam,25.0,8d6+21,49.0,,,,,29,0,0,0,0,0,0,0,0,34,0,0,29,0,0,0,0,0,0,34
Carnivorous Crystal,11.0,12800,N,Medium,ooze,-1,180,25,25,15,8,11,20,6.0,-1,7.0,,0,-5,slam,23.0,4d6+17,31.0,,,,,0,0,0,0,0,0,0,0,0,0,0,0,20,0,0,0,0,0,0,0
Carrion Dreg,4.0,1200,NE,Medium,undead,1,48,16,18,6,6,5,30,5.0,1,,,3,0,bite,12.0,1d6+9,12.5,,,,,10,10,0,0,0,0,0,0,0,0,0,0,10,0,0,0,0,0,15,0
Caypin,6.0,2400,N,Large,magical beast,2,90,18,20,10,10,5,40,5.0,2,3.0,-4.0,-1,-1,bite,14.0,3d4+13,20.5,,,,,13,13,0,0,0,0,0,0,0,0,0,0,13,0,0,0,0,0,18,0
Ceratopsid,8.0,4800,N,Huge,animal,0,125,20,22,13,10,8,30,6.0,0,3.0,-4.0,1,-2,gore,18.0,2d6+14,21.0,,,,,0,0,0,0,0,0,0,0,0,0,0,0,16,0,0,0,0,0,0,0
Cerebric Fungus,3.0,800,N,Medium,plant,3,26,13,14,4,2,6,30,1.0,0,2.0,1.0,4,1,bite,7.0,1d4+4,6.5,,,,,0,0,13,0,0,13,0,0,0,0,0,0,8,0,0,0,0,0,8,0
Cerebric Fungus Voyager,9.0,6400,N,Medium,plant,0,115,21,22,10,8,12,30,2.0,0,4.0,2.0,6,3,incapacitator,17.0,3d4+11,18.5,aphelion laser pistol,15.0,3d4+9,16.5,17,0,17,0,0,22,0,0,0,0,0,22,22,0,17,0,0,0,0,0
Colossal Herd Animal,8.0,4800,N,Colossal,animal,0,125,20,22,13,10,8,30,8.0,0,4.0,-4.0,1,-2,natural weapon,18.0,3d4+16,23.5,,,,,0,21,0,0,0,0,0,0,0,0,0,0,16,0,0,0,0,0,0,0
Colossal Predator,13.0,25600,N,Colossal,animal,0,225,27,29,17,12,13,30,8.0,0,5.0,-4.0,1,-2,natural weapon,25.0,3d12+21,40.5,,,,,0,23,0,0,0,0,0,0,0,0,0,0,23,0,0,0,0,0,0,0
Colour out of Space,10.0,9600,CN,Huge,ooze,8,140,23,24,11,11,7,60,0.0,8,3.0,2.0,3,5,disintegrating touch,20.0,1d10+10,15.5,,,,,24,0,0,0,0,0,0,0,0,19,0,0,24,19,0,0,0,0,24,24
Comanide,7.0,3200,N,Medium,fey,2,90,18,19,8,8,10,30,0.0,2,0.0,4.0,5,2,claw,14.0,1d8+7,11.5,,,,,14,0,0,0,19,0,0,0,0,0,0,19,14,0,0,0,0,0,0,0
Comet Wasp Swarm,12.0,19200,N,Diminutive,vermin,8,200,26,28,14,16,11,30,-2.0,8,5.0,,0,-3,,,,,,,,,22,0,0,0,0,0,0,0,0,0,0,0,22,0,0,0,0,0,0,0
Computer Glitch Gremlin,0.5,200,LE,Tiny,fey,2,5,9,10,2,2,3,20,-1.0,2,1.0,3.0,1,-2,,,,,,,,,0,0,0,9,0,0,0,4,0,0,0,0,4,0,0,0,0,0,9,0
Contemplative,2.0,600,N,Medium,monstrous humanoid,1,18,13,12,1,3,7,5,-2.0,1,-1.0,5.0,3,2,,,,,azimuth laser pistol,7.0,1d4+2,4.5,0,0,0,7,0,0,0,7,0,12,0,12,7,7,0,0,0,0,0,0
Contemplative Mentor,18.0,153600,N,Medium,monstrous humanoid,3,290,32,31,15,17,22,5,-1.0,3,0.0,11.0,8,6,psychokinetic claw,26.0,8d8+17,53.0,zenith laser pistol,28.0,8d4+18,38.0,0,0,0,30,0,0,0,30,0,36,0,36,31,30,0,0,0,0,0,0
Corpsefolk Marine,7.0,3200,NE,Medium,undead,9,126,19,22,9,7,8,30,2.0,5,,0.0,4,0,LFD pulse gauntlet,14.0,2d6+9,16.0,dual acid dart rifle,17.0,2d8+9,18.0,0,19,0,0,0,0,0,0,14,0,0,0,14,0,14,0,0,0,0,0
Corpsefolk Operative,3.0,800,NE,Medium,undead,4,42,14,15,3,6,7,40,1.0,4,,1.0,2,0,survival knife,7.0,1d4+4,6.5,static arc pistol,9.0,1d6+3,6.5,9,0,0,0,0,0,0,0,9,0,0,0,14,0,0,0,0,14,14,0
Crest-Eater,4.0,1200,N,Large,magical beast,1,54,16,19,8,8,3,60,3.0,1,3.0,-2.0,1,-1,bite,13.0,1d6+7,10.5,,,,,0,0,0,0,0,0,0,0,0,0,0,0,10,0,0,0,0,0,15,10
Cybernetic Golem,8.0,4800,N,Large,construct,2,125,19,23,7,7,5,40,6.0,2,,,0,-2,LFD pulse gauntlet,19.0,3d6+14,24.5,corona artillery laser,15.0,2d8+8,17.0,0,0,0,0,0,0,0,0,0,0,0,0,18,0,0,0,0,0,0,0
Cybernetic Zombie,3.0,800,N,Medium,undead,4,40,14,16,5,5,4,30,2.0,4,,,1,1,slam,8.0,1d6+5,8.5,integrated static arc pistol,11.0,1d6+3,6.5,0,13,0,0,0,0,0,0,0,0,0,0,8,0,0,0,0,0,0,0
Damai,0.5,200,N,Medium,humanoid,3,12,10,11,0,2,3,30,0.0,3,1.0,1.0,0,2,,,,,,,,,0,0,0,0,0,0,0,4,0,0,9,0,9,0,0,0,0,0,9,4
Damai Guardian,12.0,19200,N,Medium,humanoid,1,170,25,26,11,11,17,30,4.0,1,5.0,2.0,8,4,ultrathin dueling sword,21.0,3d6+16,26.5,,,,,0,0,0,0,0,22,0,0,0,0,0,27,27,0,0,0,27,0,0,0
Damoritosh's Arm Host,6.0,2400,CN,Medium,humanoid,6,90,21,23,8,6,7,30,5.0,2,3.0,0.0,1,-1,unarmed strike,16.0,1d3+14,16.0,red star plasma pistol,13.0,1d8+6,10.5,0,20,0,0,0,0,0,11,17,0,0,0,13,0,0,0,0,0,0,0
Deh-Nolo,14.0,38400,CE,Large,aberration,4,214,27,28,12,12,19,20,4.0,4,6.0,8.0,4,4,bite,21.0,6d6+17,38.0,synthesized projectile,23.0,4d8+14,32.0,0,0,0,25,25,0,0,30,0,30,25,30,30,25,0,0,0,0,0,0
Draelik,2.0,600,NE,Medium,humanoid,1,21,13,14,3,1,5,30,0.0,1,2.0,0.0,4,-1,lesser shadowstaff,4.0,1d4+2,4.5,lesser shadowstaff,6.0,1d4+2,4.5,0,0,0,0,7,0,0,0,0,0,0,12,12,0,0,0,0,0,7,0
Dragonkin,9.0,6400,LN,Large,dragon,6,142,25,27,14,12,10,40,6.0,2,5.0,0.0,1,3,thunderhead dragonglaive,22.0,2d8+15,24.0,tactical magnetar rifle,18.0,2d8+9,18.0,17,0,0,0,0,0,0,0,17,0,0,0,17,0,22,0,0,0,0,0
Dreamer,8.0,4800,N,Large,aberration,1,105,19,20,7,7,13,30,4.0,1,0.0,-2.0,6,2,tentacle,15.0,1d12+12,18.5,,,,,16,0,0,0,0,0,0,0,0,0,0,21,16,0,0,0,0,0,0,0
Driftdead,2.0,600,NE,Medium,undead,4,22,13,15,4,4,3,30,2.0,4,,-4.0,1,0,claw or incorporeal claw,10.0,1d6+4,7.5,Drift rip,7.0,1d4+2,4.5,7,0,0,0,0,0,0,0,0,0,0,0,7,0,0,0,0,0,12,0
Dromaeosaurid,3.0,800,N,Medium,animal,3,45,13,15,6,7,2,50,2.0,3,1.0,-4.0,1,0,talons,11.0,1d6+5,8.5,,,,,8,0,0,0,0,0,0,0,0,0,0,0,8,0,0,0,0,0,13,0
Drow Enforcer,1.0,400,CE,Medium,humanoid,4,20,16,18,3,1,3,25,1.0,4,1.0,-1.0,0,1,standard taclash,5.0,1d4+2,4.5,azimuth laser rifle,8.0,1d8+1,5.5,10,0,0,0,0,0,0,0,5,0,0,0,10,0,0,0,0,0,5,0
Drow Noble Arms Dealer,11.0,12800,CE,Medium,humanoid,3,170,26,28,10,12,14,30,1.0,3,1.0,5.0,2,8,ultrathin longsword,19.0,4d8+12,30.0,LFD sonic pistol,21.0,2d8+11,20.0,0,0,21,0,0,26,0,0,26,0,0,0,26,0,0,0,26,0,21,0
Dust Manta,6.0,2400,N,Large,magical beast,5,90,18,20,10,10,5,15,3.0,5,2.0,-1.0,1,0,stinger,17.0,1d8+9,13.5,,,,,13,13,0,0,0,0,0,0,0,0,0,0,13,0,0,0,0,0,18,0
Dust Manta Monarch,12.0,19200,N,Huge,magical beast,8,200,26,28,16,16,11,15,5.0,8,4.0,0.0,3,0,stinger,26.0,6d4+17,32.0,,,,,22,22,0,0,0,0,0,0,0,0,0,0,22,0,0,0,0,0,27,0
Elder Elemental,11.0,12800,N,Huge,outsider,5,145,24,26,15,13,10,20,8.0,5,3.0,-3.0,0,0,slam,24.0,4d6+11,25.0,,,,,20,20,0,0,0,0,0,0,0,0,0,0,20,0,0,0,0,0,0,0
Elebrian,0.3,135,N,Medium,humanoid,1,6,11,12,0,2,2,30,0.0,1,1.0,3.0,-1,0,,,,,,,,,0,0,0,3,3,0,0,7,0,3,0,7,-1,7,0,0,0,0,0,0
Electrovore,2.0,600,N,Small,magical beast,4,23,14,14,3,7,1,30,1.0,4,1.0,-4.0,2,-1,tail slap,9.0,1d4+3,5.5,,,,,7,7,0,0,0,0,0,0,0,0,0,0,12,0,0,0,0,0,12,12
Ellicoth,9.0,6400,N,Gargantuan,magical beast,0,145,22,24,13,13,8,50,6.0,0,4.0,-3.0,3,2,gore,22.0,2d10+15,26.0,,,,,0,17,0,0,0,0,0,0,17,0,0,0,22,0,0,0,0,0,0,17
Embri,3.0,800,LE,Medium,aberration,4,35,14,15,2,2,8,30,2.0,0,4.0,1.0,0,0,claw,7.0,1d4+5,7.5,,,,,0,13,0,13,0,0,0,8,0,0,0,0,8,0,0,0,13,0,8,0
Embri Speaker,10.0,9600,LE,Medium,aberration,4,140,22,23,9,9,15,30,0.0,0,3.0,0.0,8,5,claw,16.0,2d8+10,19.0,aphelion laser pistol,18.0,3d4+10,17.5,0,0,0,0,0,19,0,0,24,0,0,24,19,0,0,0,24,0,0,0
Emotivore,9.0,6400,NE,Medium,undead,3,120,21,22,8,8,12,30,0.0,3,,1.0,4,6,claw,16.0,3d4+9,16.5,,,,,17,0,22,0,17,17,0,0,17,0,0,0,17,0,0,0,17,0,17,0
Emotivore Mastermind,17.0,102400,NE,Medium,undead,5,285,30,31,15,15,20,30,0.0,5,,3.0,8,11,claw,28.0,8d6+17,45.0,banshee sonic pistol,28.0,4d8+17,35.0,29,0,34,0,29,0,0,0,29,0,0,34,29,0,0,0,29,0,0,0
Endbringer Devil (Dhalochar),19.0,204800,LE,Colossal,outsider,6,415,33,35,20,20,18,30,11.0,6,9.0,4.0,6,6,slam,32.0,4d12+30,56.0,hellfire glare,34.0,8d8+19,55.0,0,0,0,32,0,0,0,32,37,0,0,32,32,0,32,0,0,0,0,0
Endiffian,3.0,800,CN,Medium,humanoid,5,35,14,15,2,5,6,40,0.0,4,0.0,2.0,1,1,survival knife,7.0,1d4+3,5.5,thunderstrike sonic pistol,9.0,1d8+3,7.5,9,9,14,0,9,9,14,0,0,0,0,0,14,0,0,0,14,0,0,0
Entropy Slug,4.0,1200,NE,Medium,magical beast,-1,50,16,18,8,3,6,20,5.0,-1,4.0,-3.0,0,0,slam,13.0,1d6+9,12.5,corrosive spittle,10.0,1d6+3,6.5,0,10,0,0,0,0,0,0,0,0,0,0,10,0,0,0,0,0,10,0
Eohi,6.0,2400,N,Small,animal,2,90,18,20,10,10,5,40,5.0,2,3.0,-4.0,1,0,bite,16.0,1d8+11,15.5,,,,,13,13,0,0,0,0,0,0,0,0,0,0,13,0,0,0,0,0,0,18
Feral Shotalashu,6.0,2400,N,Large,magical beast,5,90,18,20,10,10,5,60,2.0,5,3.0,-3.0,1,-1,claws,17.0,1d8+8,12.5,,,,,13,0,0,0,0,0,0,0,0,0,0,0,18,0,0,0,0,0,13,0
Ferran,5.0,1600,N,Small,humanoid,0,64,17,18,6,4,8,30,2.0,0,3.0,5.0,0,0,tactical dueling sword,12.0,1d6+7,10.5,,,,,0,11,0,16,0,0,0,16,11,0,0,0,11,16,0,0,0,0,0,0
Formian Myrmarch,10.0,9600,LN,Large,monstrous humanoid,3,165,23,25,12,14,11,50,8.0,3,5.0,2.0,2,2,sting,23.0,2d10+18,29.0,LFD sonic rifle,20.0,2d10+10,21.0,0,0,0,0,0,24,0,0,0,0,0,0,19,0,0,0,19,0,19,0
Formian Taskmaster,7.0,3200,LN,Medium,monstrous humanoid,2,90,18,19,6,8,12,40,1.0,2,1.0,2.0,5,4,stinger,12.0,1d8+8,12.5,thunderstrike streetsweeper,14.0,1d10+7,12.5,0,0,0,0,0,19,0,0,0,0,0,0,14,0,0,19,14,0,0,0
Formian Warrior,3.0,800,LN,Medium,monstrous humanoid,2,39,17,20,5,3,4,40,4.0,2,1.0,0.0,-1,0,claw,11.0,1d6+7,10.5,azimuth laser rifle,8.0,1d8+3,7.5,13,0,0,0,0,0,0,0,8,0,0,0,8,0,0,0,0,0,8,0
Formian Worker,0.5,200,LN,Small,monstrous humanoid,2,12,10,11,2,2,2,40,3.0,2,1.0,0.0,0,-1,bite,5.0,1d4+3,5.5,,,,,0,9,0,0,0,0,0,9,0,0,0,0,4,4,0,9,0,0,0,4
Frujai Colony,19.0,204800,N,Colossal,plant,0,420,31,33,22,15,20,30,10.0,0,9.0,2.0,4,9,bite,33.0,6d10+29,62.0,gravity thrust,30.0,8d8+19,55.0,0,0,0,0,0,0,0,0,37,32,0,0,32,0,0,0,0,0,0,32
Frujai Soldier,12.0,19200,N,Large,plant,2,210,26,28,16,14,11,30,8.0,2,5.0,-1.0,2,2,slam,25.0,6d4+20,35.0,gravity anchor,22.0,6d4+12,27.0,0,0,0,0,0,0,0,0,27,0,0,0,22,0,0,0,0,0,22,22
Garaggakal,5.0,1600,CE,Medium,outsider,5,75,17,19,7,7,6,30,2.0,5,3.0,1.0,2,-2,bite,12.0,2d6+9,16.0,,,,,16,11,0,0,0,0,0,0,0,0,0,0,11,0,0,0,0,0,16,11
Garaggakal Polymath,14.0,38400,CE,Large,outsider,8,255,28,30,16,16,14,30,6.0,8,4.0,3.0,4,0,bite,28.0,8d6+20,48.0,,,,,30,25,0,0,0,0,0,0,0,0,0,0,25,0,0,0,0,0,30,25
Gargantuan Herd Animal,6.0,2400,N,Gargantuan,animal,0,90,18,20,11,8,6,30,6.0,0,4.0,-4.0,1,-2,natural weapon,15.0,2d4+12,17.0,,,,,0,18,0,0,0,0,0,0,0,0,0,0,13,0,0,0,0,0,0,0
Gargantuan Predator,10.0,9600,N,Gargantuan,animal,1,165,23,25,14,9,10,40,7.0,1,4.0,-4.0,1,-2,natural weapon,21.0,2d10+17,28.0,,,,,0,19,0,0,0,0,0,0,0,0,0,0,19,0,0,0,0,0,0,0
Gatecrasher,10.0,9600,LE,Large,undead,5,198,24,25,12,12,11,20,8.0,5,,0.0,3,1,advanced swoop hammer,22.0,3d10+18,34.5,aurora shock caster,19.0,2d12+10,23.0,0,19,0,0,0,0,0,19,24,0,0,0,19,0,0,0,0,0,0,0
Ghibrani,3.0,800,N,Medium,humanoid,2,32,13,14,2,2,6,30,0.0,2,0.0,0.0,4,0,battle staff,5.0,1d4+3,5.5,static arc pistol,7.0,1d6+3,6.5,0,0,0,0,8,13,0,0,0,0,0,13,13,0,0,0,13,0,0,0
Ghoran Flora-Shaper,6.0,2400,N,Medium,plant,1,75,17,18,5,5,9,30,0.0,1,3.0,-1.0,5,2,tactical dueling sword,10.0,1d6+6,9.5,corona laser pistol,12.0,2d4+6,11.0,0,0,0,0,0,13,0,0,18,18,0,18,18,0,0,0,13,0,0,18
Ghoran World-Tamer,1.0,400,N,Small,plant,5,17,11,12,1,4,4,30,0.0,4,2.0,-1.0,0,1,,,,,,,,,0,0,0,0,11,5,0,0,0,11,11,0,5,0,0,0,11,0,0,11
Ghost,7.0,3200,CE,Medium,undead,2,90,18,19,7,7,11,30,0.0,2,,1.0,5,4,,,,,,,,,14,0,0,0,0,0,19,0,14,0,0,19,19,0,0,0,19,0,19,0
Ghoul,1.0,400,CE,Medium,undead,4,18,12,12,3,3,3,30,2.0,4,,1.0,0,1,bite,5.0,1d6+3,6.5,azimuth laser pistol,8.0,1d4+1,3.5,5,5,0,0,0,0,0,0,0,0,0,0,10,0,0,0,0,0,10,0
Ghoul Shock Trooper,11.0,12800,CE,Medium,undead,5,180,25,26,13,11,14,30,8.0,5,,3.0,2,3,bite,23.0,4d6+16,30.0,perihelion artillery laser,21.0,3d8+11,24.5,25,20,0,0,0,0,0,0,0,0,0,0,20,0,0,0,0,0,20,0
Glass Serpent,5.0,1600,N,Gargantuan,magical beast,3,77,16,20,9,9,4,60,5.0,3,1.0,-4.0,2,-2,tentacle,15.0,1d6+11,14.5,,,,,0,13,0,0,0,0,0,0,0,0,0,0,16,0,0,0,0,0,13,13
Gray,4.0,1200,NE,Small,humanoid,1,43,15,15,3,3,9,30,-1.0,1,0.0,5.0,0,3,,,,,needler pistol,8.0,1d4+4,6.5,0,0,0,0,0,0,0,0,0,15,10,0,10,0,0,0,15,0,0,0
Greater Elemental,9.0,6400,N,Huge,outsider,4,145,22,24,13,11,8,20,6.0,4,3.0,-3.0,0,0,slam,22.0,2d10+15,26.0,,,,,17,17,0,0,0,0,0,0,0,0,0,0,17,0,0,0,0,0,0,0
Haan,3.0,800,CN,Large,monstrous humanoid,4,36,14,15,2,4,8,30,2.0,4,0.0,-1.0,1,0,,,,,,,,,13,0,0,0,0,0,0,8,0,0,0,0,13,0,13,0,0,0,8,0
Haan Combat Pilot,7.0,3200,CN,Large,monstrous humanoid,5,102,20,21,6,9,10,40,2.0,5,0.0,1.0,4,0,,,,,,,,,20,0,0,0,0,0,0,15,0,0,0,0,15,0,20,15,0,0,20,0
Haeshi-Shaa (Haeshi Form),12.0,19200,CE,Large,aberration,5,200,26,28,14,11,16,60,8.0,5,4.0,2.0,4,2,slam,25.0,6d4+20,35.0,sonic bolt,22.0,6d4+12,27.0,22,0,0,0,0,0,0,0,0,22,0,27,22,22,0,0,0,0,0,0
Haeshi-Shaa (Shaa Form),16.0,76800,NE,Large,aberration,10,300,29,30,14,14,20,60,2.0,10,7.0,3.0,5,5,,,,,sonic bolt,27.0,6d4+16,31.0,28,0,0,0,0,0,0,0,0,28,0,33,28,28,0,0,0,0,0,0
Hallajin,17.0,102400,CN,Large,aberration,5,280,31,30,15,15,22,120,,5,8.0,11.0,8,5,energy surge,25.0,8d6+17,45.0,energy surge,27.0,4d8+17,35.0,0,0,0,0,34,0,0,0,0,0,0,34,29,0,0,0,0,0,0,0
Hashukayak,5.0,1600,N,Large,animal,0,70,17,19,9,8,5,30,5.0,0,4.0,-4.0,2,-1,slam,14.0,2d6+7,14.0,,,,,0,10,0,0,0,0,0,0,0,0,0,0,10,0,0,0,0,0,0,0
Hesper,2.0,600,CN,Medium,fey,1,21,13,12,3,3,5,30,0.0,1,2.0,0.0,1,4,,,,,,,,,0,0,0,0,0,12,0,7,0,0,0,0,7,12,0,0,0,0,0,0
Hobgar,0.3,135,N,Tiny,magical beast,3,6,10,11,2,2,2,30,0.0,3,0.0,-4.0,1,0,,,,,,,,,7,3,0,0,0,0,0,0,0,0,0,0,3,0,0,0,0,7,7,3
Hobgoblin Lieutenant,7.0,3200,LE,Medium,humanoid,5,105,19,21,9,7,8,30,4.0,5,2.0,0.0,0,1,sintered longsword,14.0,2d8+13,22.0,corona laser rifle,18.0,2d6+7,14.0,0,14,0,0,0,0,0,0,14,0,0,0,14,0,0,0,0,0,19,0
Hobgoblin Trooper,1.0,400,LE,Medium,humanoid,4,20,11,13,3,5,1,30,2.0,4,1.0,0.0,0,1,standard taclash,5.0,1d4+3,5.5,azimuth laser rifle,8.0,1d8+1,5.5,0,5,0,0,0,0,0,0,5,0,0,0,5,0,0,0,0,0,10,0
Huge Elemental,7.0,3200,N,Huge,outsider,4,105,19,21,11,9,6,20,5.0,4,2.0,-3.0,0,0,slam,18.0,2d6+12,19.0,,,,,14,14,0,0,0,0,0,0,0,0,0,0,14,0,0,0,0,0,0,0
Huge Herd Animal,4.0,1200,N,Huge,animal,0,50,16,18,9,6,4,30,5.0,0,3.0,-4.0,1,-2,natural weapon,11.0,1d6+9,12.5,,,,,0,15,0,0,0,0,0,0,0,0,0,0,10,0,0,0,0,0,0,0
Huge Predator,7.0,3200,N,Huge,animal,2,105,19,21,9,7,6,40,5.0,2,4.0,-4.0,1,-2,natural weapon,16.0,2d6+12,19.0,,,,,0,14,0,0,0,0,0,0,0,0,0,0,14,0,0,0,0,0,0,0
Hulsa,10.0,9600,CN,Medium,fey,0,142,23,24,11,9,13,30,1.0,0,1.0,3.0,5,8,solar weapon,21.0,3d6+11,21.5,light ray,20.0,3d6+11,21.5,19,0,0,0,0,0,0,0,0,24,0,24,19,24,0,0,0,0,0,0
Ikeshti Brood-Minder,2.0,600,N,Small,humanoid,2,21,14,15,1,1,5,30,-1.0,2,0.0,4.0,1,1,survival knife,4.0,1d4+1,3.5,,,,,0,0,0,12,0,0,0,12,0,0,0,0,7,0,0,0,7,0,0,0
Ikeshti Rivener,5.0,1600,N,Large,humanoid,2,84,18,20,9,7,4,30,3.0,2,5.0,-3.0,1,0,claw,11.0,2d6+10,17.0,,,,,11,16,0,0,0,0,0,0,0,0,0,0,11,0,0,0,0,0,11,0
Ilthisarian,4.0,1200,LN,Large,monstrous humanoid,0,45,16,17,5,5,7,30,5.0,0,1.0,3.0,0,0,bite,11.0,1d6+7,10.5,static arc pistol,9.0,1d6+4,7.5,0,15,0,0,0,0,0,15,10,0,0,0,10,10,0,0,0,0,0,15
Iztheptar,6.0,2400,N,Small,humanoid,3,90,18,20,9,7,5,30,2.0,3,5.0,0.0,-1,-2,venom spur,16.0,1d6+10,13.5,,,,,0,18,0,0,0,0,0,0,0,13,13,0,13,0,0,0,0,0,0,0
Ja Noi,5.0,1600,LE,Medium,outsider,5,84,17,19,7,7,6,30,5.0,3,2.0,1.0,0,1,tactical swoop hammer,15.0,1d10+10,15.5,thunderstrike sonic rifle,12.0,1d10+5,10.5,16,0,0,0,0,0,0,0,11,0,0,0,11,0,0,0,0,0,11,0
Jiang-Shi,6.0,2400,LE,Medium,undead,6,80,18,20,5,8,9,30,2.0,5,,3.0,3,2,bite,12.0,1d6+8,11.5,,,,,19,0,19,0,0,0,19,14,0,0,0,0,19,0,0,0,0,0,14,0
Jubsnuth,9.0,6400,CN,Huge,animal,3,145,20,22,13,13,8,40,6.0,3,4.0,-5.0,3,0,bite,21.0,2d10+15,26.0,,,,,17,22,0,0,0,0,0,0,0,0,0,0,17,0,0,0,0,0,0,17
Juvenile Nyssholora,4.0,1200,N,Large,magical beast,0,50,16,18,8,3,6,30,5.0,0,3.0,-4.0,1,-2,bite,13.0,1d6+9,12.5,,,,,0,15,0,0,0,0,0,0,0,0,0,0,10,0,0,0,0,0,0,0
Juvenile Solar Wisp,5.0,1600,N,Huge,outsider,5,63,17,19,9,7,4,30,3.0,5,2.0,-3.0,0,0,slam,15.0,1d6+8,11.5,,,,,16,0,0,0,0,0,0,0,0,0,0,0,11,0,0,0,0,0,0,0
Kalo Deepspeaker,5.0,1600,NG,Medium,monstrous humanoid,3,57,17,17,3,4,9,20,0.0,3,1.0,0.0,5,2,underwater tactical spear,8.0,1d6+5,8.5,,,,,0,0,0,0,0,16,0,0,0,0,0,16,11,0,0,11,0,0,11,11
Kalo Sharkhunter,2.0,600,NG,Medium,monstrous humanoid,4,22,16,17,1,3,5,20,1.0,4,-1.0,0.0,2,0,underwater tactical starknife,8.0,1d4+3,5.5,underwater autotarget rifle,10.0,1d6+2,5.5,0,12,0,0,0,0,0,0,0,0,0,0,7,0,0,7,0,0,12,0
Kanabo Commando,3.0,800,LE,Medium,outsider,2,40,15,18,5,5,4,30,4.0,2,1.0,0.0,0,0,carbon steel curveblade,12.0,1d10+7,12.5,autotarget rifle,9.0,1d6+3,6.5,0,13,0,0,0,0,0,0,8,0,0,0,8,0,0,0,0,0,8,0
Kaukariki,1.0,400,N,Small,magical beast,3,18,11,13,5,5,1,30,1.0,3,1.0,-2.0,1,0,sting,9.0,1d4+2,4.5,,,,,10,5,0,0,0,0,0,0,5,0,0,0,5,0,0,0,0,0,5,0
Khefak,0.3,135,N,Small,vermin,1,6,10,12,3,1,0,20,0.0,1,3.0,,0,-3,,,,,,,,,0,0,0,0,0,0,0,0,0,0,0,0,3,0,0,0,0,0,0,0
Kish,4.0,1200,N,Medium,humanoid,7,60,16,18,6,6,5,30,5.0,3,0.0,-1.0,1,0,skirmish kishaxe,13.0,1d10+9,14.5,tactical battlebow,9.0,1d8+4,8.5,10,15,0,0,0,0,0,0,10,0,0,0,10,0,0,0,0,0,0,15
Ksarik,4.0,1200,N,Large,plant,1,52,16,18,8,6,3,40,5.0,1,3.0,-3.0,1,-1,tentacle,12.0,1d6+9,12.5,acid spit,9.0,1d4+4,6.5,10,15,0,0,0,0,0,0,0,0,0,0,10,0,0,0,0,0,0,10
Kurobozu,9.0,6400,CE,Medium,undead,6,135,23,24,8,10,12,50,4.0,6,,0.0,0,3,unarmed strike,19.0,1d6+13,16.5,,,,,22,22,0,0,0,0,0,0,0,0,0,22,17,0,0,0,0,0,17,0
Kyokor,20.0,307200,CE,Colossal,magical beast,6,485,35,37,23,19,21,100,9.0,6,12.0,6.0,5,4,bite,35.0,4d12+29,55.0,,,,,0,0,0,0,0,0,0,0,39,0,0,0,34,0,0,0,34,0,0,34
Large Elemental,5.0,1600,N,Large,outsider,3,70,17,19,9,7,4,20,5.0,3,2.0,-3.0,0,0,slam,15.0,1d6+10,13.5,,,,,11,11,0,0,0,0,0,0,0,0,0,0,11,0,0,0,0,0,0,0
Large Herd Animal,2.0,600,N,Large,animal,2,25,13,15,6,6,1,40,3.0,2,2.0,-4.0,1,-2,natural weapon,9.0,1d6+5,8.5,,,,,0,7,0,0,0,0,0,0,0,0,0,0,7,0,0,0,0,0,0,0
Large Predator,4.0,1200,N,Large,animal,2,50,16,18,6,6,3,40,4.0,2,2.0,-4.0,1,-2,natural weapon,11.0,1d8+7,11.5,,,,,0,10,0,0,0,0,0,0,0,0,0,0,10,0,0,0,0,0,0,0
Living Apocalypse,20.0,307200,CE,Colossal,ooze,12,405,34,35,19,15,20,60,4.0,12,6.0,,4,9,,,,,apocalypse beam,30.0,12d6+20,62.0,34,0,0,0,0,0,0,0,39,0,0,39,34,0,0,0,0,0,0,0
Living Hologram,8.0,4800,CE,Medium,construct,6,115,20,21,5,5,9,30,0.0,6,,2.0,1,4,hardlight slam,18.0,1d12+8,14.5,,,,,21,0,16,21,16,0,0,0,0,0,0,0,16,0,0,0,0,0,21,0
Lore Guardian,2.0,600,N,Medium,construct,2,28,13,15,2,2,0,30,4.0,2,,,0,-5,tactical spear,10.0,1d6+6,9.5,tactical spear,8.0,1d6+6,9.5,0,0,0,0,0,0,0,0,0,0,0,0,12,0,0,0,0,0,0,0
Maraquoi Hunter,0.5,200,NG,Medium,humanoid,4,13,10,12,2,1,2,30,2.0,0,3.0,0.0,1,0,tactical spear,6.0,1d6+2,5.5,,,,,0,4,0,0,0,0,0,0,0,0,0,0,4,0,0,0,0,0,4,9
Maraquoi Shaman,8.0,4800,NG,Medium,humanoid,0,105,19,20,7,7,11,30,1.0,0,4.0,1.0,6,2,sentinel spear,15.0,2d6+9,16.0,sentinel spear,13.0,2d6+9,16.0,0,0,0,0,0,16,0,0,0,0,21,21,16,0,0,0,0,0,0,0
Marooned One,8.0,4800,NE,Medium,undead,4,115,23,25,11,7,13,30,2.0,4,,6.0,1,1,tactical knife,17.0,2d4+10,15.0,,,,,0,0,0,21,16,0,0,21,0,0,0,0,16,0,0,0,0,0,21,16
Marrowblight,7.0,3200,CE,Medium,undead,4,105,19,21,9,9,8,30,5.0,4,,2.0,1,-1,claw,17.0,1d8+12,16.5,,,,,14,14,0,0,0,0,0,0,19,0,0,0,14,0,0,0,0,0,0,0
Mature Solar Wisp,19.0,204800,N,Small,outsider,11,400,34,35,22,20,16,60,9.0,11,6.0,-3.0,0,0,slam,31.0,15d6+28,80.5,solar ray,34.0,8d8+19,55.0,37,0,0,0,0,0,0,0,0,0,0,0,32,0,0,0,0,0,0,0
Medium Elemental,3.0,800,N,Medium,outsider,2,40,14,16,7,5,2,20,4.0,2,1.0,-3.0,0,0,slam,12.0,1d6+7,10.5,,,,,8,8,0,0,0,0,0,0,0,0,0,0,8,0,0,0,0,0,0,0
Medium Herd Animal,0.5,200,N,Medium,animal,2,13,10,12,3,4,1,40,1.0,2,1.0,-4.0,1,-2,natural weapon,4.0,1d6+1,4.5,,,,,0,4,0,0,0,0,0,0,0,0,0,0,4,0,0,0,0,0,0,0
Medium Predator,1.0,400,N,Medium,animal,2,20,11,13,3,3,1,40,1.0,2,2.0,-4.0,1,-2,natural weapon,7.0,1d6+2,5.5,,,,,5,5,0,0,0,0,0,0,0,0,0,0,5,0,0,0,0,0,5,0
Mi-Go,6.0,2400,NE,Medium,plant,3,80,18,19,11,5,5,30,1.0,3,2.0,5.0,2,0,claw,14.0,1d6+7,10.5,,,,,13,0,18,0,0,0,0,13,0,18,13,18,13,0,0,0,0,0,0,0
Mi-Go High Priest,11.0,12800,NE,Medium,plant,3,155,23,24,12,10,14,30,1.0,3,2.0,5.0,8,1,claw,19.0,2d10+12,23.0,,,,,20,0,25,0,0,0,0,0,0,20,20,25,20,0,0,0,0,0,0,0
Mohrg,8.0,4800,CE,Medium,undead,4,125,20,22,10,10,9,30,6.0,4,,0.0,0,2,clawed tongue,19.0,1d6+14,17.5,,,,,16,21,0,0,0,0,0,0,0,0,0,0,16,0,0,0,0,0,16,0
Moon Giant,15.0,51200,LN,Huge,humanoid,4,330,29,31,17,17,19,50,9.0,4,7.0,3.0,5,3,slam,25.0,8d6+24,52.0,hurled debris,28.0,8d6+30,58.0,0,0,0,0,0,0,0,0,31,26,0,31,31,0,0,0,26,0,0,0
Moonflower,8.0,4800,N,Huge,plant,0,125,20,22,12,7,10,20,6.0,0,4.0,-3.0,2,0,bite,19.0,2d6+14,21.0,,,,,0,0,0,0,0,0,0,0,0,0,0,0,16,0,0,0,0,0,16,0
Moonflower Titan,16.0,76800,N,Gargantuan,plant,-1,300,30,32,20,14,18,30,10.0,-1,7.0,-2.0,5,0,bite,30.0,6d10+26,59.0,,,,,0,0,0,0,0,0,0,0,0,0,0,0,28,0,0,0,0,0,28,0
Mountain Eel,6.0,2400,N,Huge,animal,6,95,18,20,10,10,5,40,5.0,2,3.0,-4.0,0,0,bite,16.0,1d8+11,15.5,,,,,0,18,0,0,0,0,0,0,0,0,0,0,13,0,0,0,0,0,18,0
Mucilaginous Cloud,5.0,1600,N,Huge,ooze,3,65,19,15,6,2,6,30,5.0,3,2.0,,0,-2,tendril,12.0,1d4+10,12.5,,,,,3,0,0,0,0,0,0,0,0,0,0,0,11,0,0,0,0,0,3,0
Nanotech Golem,14.0,38400,N,Large,construct,8,250,29,29,12,16,10,40,6.0,8,,,0,-2,nanite filament,27.0,4d6+20,34.0,nanite scattershot,27.0,4d12+14,40.0,0,0,0,0,0,0,0,0,0,0,0,0,25,0,0,0,0,0,0,0
Necropede,3.0,800,N,Large,vermin,3,40,14,16,7,5,2,30,1.0,3,5.0,,0,-3,bite,11.0,2d4+1,6.0,,,,,0,0,0,0,0,0,0,0,0,0,0,0,8,0,0,0,0,0,0,0
Necrovite,13.0,25600,NE,Medium,undead,3,186,29,30,12,12,18,30,0.0,3,,8.0,4,6,Eoxian wrackstaff,20.0,6d4+13,28.0,perihelion laser pistol,22.0,4d4+13,23.0,0,0,28,28,0,0,0,28,0,0,0,28,23,0,0,0,28,0,0,0
Nihili,5.0,1600,NE,Medium,undead,3,72,17,19,7,7,6,30,5.0,3,,2.0,0,0,slam,14.0,1d6+10,13.5,,,,,0,16,0,0,0,0,0,0,0,0,0,0,11,0,0,0,0,0,11,0
Nihili Captain,13.0,25600,NE,Medium,undead,6,270,27,29,15,15,14,30,8.0,6,,4.0,0,0,slam,26.0,3d12+21,40.5,,,,,0,28,0,0,0,0,0,0,0,0,0,0,23,0,0,0,0,0,23,0
Nuar Enforcer,4.0,1200,N,Medium,monstrous humanoid,0,52,18,20,6,4,5,35,5.0,0,3.0,1.0,1,0,tactical cryopike,12.0,1d8+11,15.5,,,,,0,15,0,0,0,0,0,0,10,0,0,0,10,0,0,0,0,0,0,10
Nuar Specialist,8.0,4800,LN,Medium,monstrous humanoid,0,117,19,20,9,9,9,40,2.0,0,2.0,6.0,4,1,buzzblade dueling sword,17.0,2d6+10,17.0,aphelion laser pistol,15.0,3d4+8,15.5,0,16,16,21,0,0,0,21,0,0,0,0,16,21,0,0,0,0,0,0
Oblivion Shade,8.0,4800,NE,Medium,undead,5,115,20,21,7,7,13,40,,6,,4.0,2,2,incorporeal touch,17.0,1d12+8,14.5,,,,,21,0,0,0,0,0,0,0,21,0,0,0,21,0,0,0,0,0,21,0
Observer-Class Security Robot,1.0,400,N,Small,construct,4,17,14,15,1,1,-1,30,2.0,4,,1.0,0,0,slam,6.0,1d6+3,6.5,integrated pulsecaster pistol,9.0,1d4+1,3.5,10,5,0,5,0,0,0,0,0,0,0,0,5,0,0,0,0,0,0,0
Occult Zombie,1.0,400,NE,Medium,undead,2,24,11,13,3,3,3,30,4.0,2,,,1,0,slam,8.0,1d6+5,8.5,,,,,0,10,0,0,0,0,0,0,0,0,0,0,5,0,0,0,0,0,0,0
Odheo,1.0,400,N,Tiny,vermin,4,17,11,13,5,3,1,30,2.0,4,1.0,,0,-2,bite,8.0,1d3+3,5.0,,,,,5,5,0,0,0,0,0,0,0,0,0,0,5,0,0,0,0,0,10,0
Old Void Dragon,18.0,153600,NE,Gargantuan,dragon,7,350,32,33,18,18,22,40,11.0,3,8.0,6.0,3,3,bite,31.0,8d8+29,65.0,,,,,31,0,31,31,36,36,0,0,0,0,0,36,31,0,31,0,31,0,0,0
Oma,16.0,76800,N,Colossal,magical beast,8,285,30,31,16,16,19,60,3.0,3,7.0,0.0,10,5,tail slap,27.0,6d8+19,46.0,electrical discharge,29.0,6d4+16,31.0,33,0,0,0,0,0,0,0,0,0,0,0,28,0,33,0,28,0,0,0
Orc Technician,0.5,200,CE,Medium,humanoid,0,12,10,11,3,0,0,30,1.0,0,3.0,2.0,0,-1,tactical baton,4.0,1d4+1,3.5,,,,,0,0,0,9,0,0,0,9,4,0,0,0,4,0,0,0,0,0,0,9
Orc Trooper,5.0,1600,CE,Medium,humanoid,7,70,17,19,7,7,4,45,5.0,2,3.0,0.0,0,-1,fangblade,14.0,1d12+7,13.5,thunderstrike sonic rifle,13.0,1d10+3,8.5,0,0,0,0,0,0,0,0,11,0,0,0,11,0,0,0,0,0,0,16
Orocoran,6.0,2400,CE,Medium,aberration,5,93,18,20,8,8,7,30,0.0,5,3.0,-1.0,1,2,proboscis,13.0,1d8+6,10.5,projectile vomit,16.0,1d10+6,11.5,0,0,0,0,0,0,0,0,0,0,0,13,13,0,0,0,0,0,18,13
Orocoran Ichor Lord,9.0,6400,CE,Medium,aberration,4,120,21,22,8,8,14,30,0.0,4,3.0,2.0,6,3,proboscis,15.0,3d4+9,16.5,projectile vomit,17.0,2d6+9,16.0,0,0,0,0,0,0,0,0,22,0,0,22,17,0,0,0,17,0,0,0
Osharu,0.5,200,LG,Medium,monstrous humanoid,1,10,10,11,0,2,5,25,0.0,1,-1.0,3.0,2,0,,,,,,,,,0,0,0,0,4,0,0,0,0,9,4,9,4,9,0,0,0,0,0,0
Osharu Headteacher,8.0,4800,LN,Medium,monstrous humanoid,2,105,19,20,7,9,13,25,1.0,2,0.0,4.0,6,2,carbon staff,14.0,1d8+9,13.5,corona laser pistol,16.0,2d4+8,13.0,0,0,0,0,16,0,0,0,0,21,16,21,16,21,0,16,0,0,0,0
Pahtra Inquisitive,2.0,600,N,Medium,humanoid,2,20,12,13,1,3,5,30,0.0,2,0.0,4.0,1,1,tactical baton,4.0,1d4+2,4.5,static arc pistol,6.0,1d6+2,5.5,12,0,0,12,0,0,0,0,0,0,0,7,7,0,0,7,0,0,12,0
Pahtra Stalker,6.0,2400,N,Medium,humanoid,7,82,18,19,5,8,9,40,0.0,5,0.0,3.0,2,1,tactical knife,12.0,2d4+6,11.0,,,,,14,19,14,0,19,0,0,0,0,0,0,0,14,0,0,19,19,0,19,0
Pale Stranger,11.0,12800,NE,Medium,undead,12,170,24,25,10,10,16,30,3.0,8,,0.0,0,5,ultrathin longsword,19.0,4d8+14,32.0,,,,,25,25,0,20,0,0,0,0,0,0,0,0,20,0,20,0,0,0,25,0
Paralith,4.0,1200,N,Medium,aberration,1,52,16,18,6,6,5,35,5.0,1,3.0,0.0,1,0,claw,12.0,1d6+9,12.5,cylindrical lens pistol,9.0,1d8+4,8.5,0,10,0,0,0,0,0,0,10,0,0,0,15,0,0,0,0,0,0,0
Patrol-Class Security Robot,4.0,1200,N,Medium,construct,5,52,16,18,4,4,1,30,3.0,5,,1.0,0,0,slam,10.0,1d6+7,10.5,integrated tactical arc emitter,13.0,1d4+4,6.5,10,0,0,10,0,0,0,0,15,0,0,0,10,0,0,0,0,0,0,0
Phentomite,0.5,200,NG,Medium,humanoid,3,12,10,11,0,3,2,30,1.0,3,0.0,1.0,2,0,club,2.0,1d6+1,4.5,,,,,9,9,0,0,4,0,0,4,0,0,0,0,9,0,0,0,0,0,0,9
Phentomite Bridger,6.0,2400,NG,Medium,humanoid,7,80,18,19,5,12,5,40,2.0,5,0.0,2.0,3,0,tactical knife,12.0,2d4+8,13.0,,,,,19,19,0,0,14,0,0,14,0,0,0,0,19,0,0,0,0,0,0,19
Planetoid Beetle,9.0,6400,N,Huge,vermin,3,145,22,24,13,11,8,30,6.0,3,4.0,,0,-3,bite,21.0,2d10+15,26.0,acid spit,19.0,4d6+4,18.0,0,0,0,0,0,0,0,0,0,0,0,0,17,0,0,0,0,0,0,0
Plasma Ooze,16.0,76800,N,Gargantuan,ooze,5,305,30,32,20,16,12,30,7.0,5,10.0,,0,0,slam,27.0,5d8+23,45.5,plasma pulse,30.0,10d6+16,51.0,28,0,0,0,0,0,0,0,0,0,0,0,28,0,28,0,0,0,0,0
Plesiosaur,7.0,3200,N,Huge,animal,2,105,19,21,12,10,6,20,5.0,2,4.0,-4.0,1,-2,bite,16.0,2d6+12,19.0,,,,,0,19,0,0,0,0,0,0,0,0,0,0,14,0,0,0,0,0,0,0
Pluprex,13.0,25600,CE,Medium,outsider,4,190,26,27,16,12,14,50,6.0,4,4.0,3.0,2,8,bite,23.0,6d4+19,34.0,,,,,23,0,28,0,0,0,0,0,28,23,0,23,23,0,0,0,0,0,0,0
Power Archon,5.0,1600,LG,Medium,outsider,5,65,17,18,4,8,6,30,0.0,5,0.0,3.0,2,2,electric bolt,13.0,1d4+5,7.5,electric bolt,13.0,1d4+5,7.5,11,0,0,16,0,11,0,16,11,0,0,0,11,0,0,0,0,0,0,0
Predator Swarm,2.0,600,N,Tiny,animal,1,25,12,14,4,4,1,30,-2.0,1,1.0,-4.0,1,-2,,,,,,,,,7,7,0,0,0,0,0,0,0,0,0,0,7,0,0,0,0,0,7,0
Prexian Mutantspawn,11.0,12800,CE,Medium,outsider,3,155,23,24,14,10,12,10,5.0,3,8.0,1.0,2,3,,,,,,,,,20,0,20,0,0,0,0,0,20,0,0,20,20,0,0,0,20,0,0,0
Pterosaur,3.0,800,N,Large,animal,4,40,14,16,5,8,2,10,2.0,4,0.0,-4.0,1,-2,bite,10.0,1d6+5,8.5,,,,,13,0,0,0,0,0,0,0,0,0,0,0,8,0,0,0,0,0,0,0
Quorlu,2.0,600,N,Medium,monstrous humanoid,0,23,13,14,3,1,7,25,0.0,0,4.0,1.0,0,2,,,,,static arc pistol,7.0,1d6+2,5.5,0,7,0,7,0,12,0,0,0,0,0,0,12,12,0,0,12,0,0,0
Quorlu Sapper,9.0,6400,N,Medium,monstrous humanoid,1,145,22,24,11,9,10,25,3.0,4,6.0,1.0,0,1,,,,,,,,,0,22,0,0,0,0,0,17,17,0,0,0,22,0,0,0,0,0,0,0
Radiation Drake,9.0,6400,CE,Large,dragon,4,145,22,24,13,13,10,30,6.0,4,3.0,-2.0,2,0,bite,22.0,2d10+15,26.0,atomic bolt,19.0,3d10+3,19.5,17,0,0,0,0,0,0,0,22,0,0,0,17,0,0,0,0,0,0,17
Rauzhant,6.0,2400,N,Large,dragon,3,92,18,20,10,10,7,5,5.0,3,2.0,-2.0,0,0,bite,17.0,1d8+11,15.5,,,,,18,0,0,0,0,0,0,0,13,0,0,0,13,0,0,0,0,0,0,13
Ravai,6.0,2400,N,Medium,fey,5,90,18,20,7,10,8,30,0.0,5,0.0,2.0,1,3,slam,12.0,1d8+6,10.5,ejection,15.0,2d6+5,12.0,13,0,0,0,13,18,0,0,0,0,0,13,13,0,0,0,0,0,0,0
Rebuilt,7.0,3200,CN,Medium,aberration,2,105,19,21,9,9,8,15,5.0,2,4.0,-2.0,0,-2,slam,17.0,2d6+12,19.0,,,,,14,19,0,0,0,0,0,0,14,0,0,0,14,0,0,0,0,0,0,19
Reptoid,1.0,400,LE,Medium,humanoid,0,16,11,12,1,1,6,30,1.0,0,-1.0,2.0,1,4,claw,4.0,1d4+2,4.5,azimuth laser pistol,2.0,1d4+1,3.5,0,0,10,0,0,10,5,0,0,0,0,0,5,0,0,0,5,0,0,0
Reptoid Master,6.0,2400,LE,Medium,humanoid,0,77,16,18,5,5,11,30,2.0,0,1.0,1.0,3,5,claw,12.0,1d6+8,11.5,corona laser pistol,10.0,2d4+6,11.0,0,0,18,0,0,18,13,0,0,0,0,0,13,0,0,0,13,0,0,0
Ryphorian Skyfire Pilot,5.0,1600,NG,Medium,humanoid,5,63,19,20,4,7,8,40,1.0,5,0.0,3.0,2,1,survival knife,10.0,1d4+6,8.5,thunderstrike sonic pistol,12.0,1d8+5,9.5,0,0,12,0,17,0,0,12,0,0,0,0,17,0,17,0,0,0,0,17
Ryphorian Technician,1.0,400,NG,Medium,humanoid,5,16,12,13,3,3,2,30,0.0,1,2.0,4.0,0,-1,survival knife,4.0,1d4+1,3.5,pulsecaster pistol,6.0,1d4+1,3.5,0,0,0,10,0,0,0,10,0,0,0,0,10,5,10,0,0,0,0,5
Sarcesian Cybercommando,8.0,4800,LN,Large,humanoid,5,110,23,24,7,7,11,30,0.0,6,0.0,4.0,0,2,buzzblade dueling sword,15.0,2d6+8,15.0,corona laser rifle,17.0,2d6+8,15.0,21,0,0,21,0,0,0,21,16,0,0,0,16,0,16,0,0,0,0,0
Sarcesian Sniper,5.0,1600,LN,Large,humanoid,5,64,19,20,4,9,8,40,0.0,5,0.0,3.0,0,2,tactical dueling sword,10.0,1d6+5,8.5,advanced Diasporan rifle,12.0,2d8+5,14.0,17,0,12,12,0,0,0,0,0,0,0,0,17,0,0,0,0,0,17,12
Sauropod,10.0,9600,N,Gargantuan,animal,0,165,23,25,16,11,10,30,8.0,0,5.0,-4.0,1,-2,tail,21.0,2d10+18,29.0,,,,,0,0,0,0,0,0,0,0,0,0,0,0,19,0,0,0,0,0,0,0
Scavenger Slime,9.0,6400,N,Large,ooze,3,145,22,24,13,9,6,20,4.0,3,6.0,,0,-2,pseudopod,18.0,2d10+13,24.0,aphelion artillery laser,21.0,3d8+9,22.5,0,0,0,0,0,0,0,0,0,0,0,0,17,0,0,0,0,0,22,0
Scyphozoan,3.0,800,N,Medium,aberration,2,42,14,15,5,5,5,30,0.0,2,1.0,4.0,0,0,tentacle,7.0,1d4+3,5.5,tactical arc emitter,9.0,1d4+3,5.5,0,0,0,13,0,0,0,13,0,8,13,0,8,8,0,0,0,0,0,0
Selamid,6.0,2400,NG,Medium,ooze,3,80,18,19,7,3,7,30,2.0,3,5.0,0.0,1,0,pseudopod,12.0,1d6+8,11.5,,,,,0,18,0,0,18,0,0,0,0,0,0,0,18,0,0,0,13,0,0,13
Seprevoi,3.0,800,LN,Medium,monstrous humanoid,4,35,14,15,4,4,6,40,1.0,4,0.0,-1.0,0,2,tactical dueling sword,9.0,1d6+4,7.5,autotarget rifle,11.0,1d6+3,6.5,13,0,0,0,8,8,0,0,0,0,0,0,13,0,0,0,13,0,0,0
Shantak,8.0,4800,CE,Huge,magical beast,2,125,20,22,12,12,7,20,6.0,2,4.0,-1.0,2,0,bite,20.0,3d4+14,21.5,,,,,21,0,0,0,0,0,0,0,0,0,0,0,16,0,16,0,0,0,0,0
Sharpwing,8.0,4800,N,Large,animal,12,125,20,22,12,12,7,15,6.0,4,2.0,-4.0,0,0,bite,19.0,1d10+14,19.5,,,,,21,16,0,0,0,0,0,0,0,0,0,0,21,0,0,0,0,0,16,0
Shimreen,5.0,1600,LN,Medium,humanoid,7,84,17,20,7,5,6,35,5.0,3,0.0,2.0,0,0,crystal lance,14.0,1d3+12,14.0,thunderstrike sonic rifle,11.0,1d10+5,10.5,11,16,0,0,0,0,0,11,0,0,0,0,11,0,0,0,0,0,0,0
Ship Glitch Gremlin,1.0,400,CE,Small,fey,3,14,11,12,3,3,4,30,0.0,3,1.0,0.0,1,2,,,,,,,,,5,0,0,5,0,0,0,10,0,0,0,0,5,0,10,0,0,0,0,0
Shipmind,13.0,25600,CE,Huge,ooze,6,225,27,29,15,17,10,0,8.0,6,4.0,3.0,4,3,slam,26.0,3d12+21,40.5,plasma bolt,23.0,5d6+13,30.5,0,0,0,23,0,0,0,23,0,0,0,23,23,0,28,0,23,0,0,0
Shobhad,4.0,1200,N,Large,monstrous humanoid,1,50,16,16,6,8,5,40,5.0,1,3.0,0.0,0,1,carbon steel curve blade,13.0,1d10+9,14.5,squad machine gun,10.0,1d10+4,9.5,0,0,0,0,0,0,0,0,15,0,0,0,10,0,0,0,0,0,10,10
Shobhad Warleader,7.0,3200,N,Large,monstrous humanoid,6,105,20,21,9,7,8,50,5.0,2,4.0,0.0,0,2,sintered longsword,17.0,2d8+12,21.0,shobhad longrifle,14.0,2d10+8,19.0,0,0,0,0,0,0,0,0,19,0,0,0,14,0,0,0,0,0,14,14
Shotalashu,2.0,600,N,Large,magical beast,4,25,13,15,6,6,1,60,1.0,4,2.0,-3.0,1,0,claws,11.0,1d6+3,6.5,,,,,7,0,0,0,0,0,0,0,0,0,0,0,12,0,0,0,0,0,7,0
Siege Robot,15.0,51200,N,Huge,construct,7,330,29,31,15,15,11,60,9.0,7,,1.0,5,0,,,,,,,,,26,0,0,0,0,0,0,26,0,0,0,0,26,0,31,0,0,0,0,0
Skeletal Undead,0.5,200,NE,Medium,undead,2,13,10,12,2,2,2,30,3.0,2,,,1,1,survival knife,6.0,1d4+3,5.5,,,,,0,9,0,0,0,0,0,0,0,0,0,0,4,0,0,0,0,0,0,0
Skittermander,2.0,600,CN,Small,humanoid,2,23,14,15,1,3,5,30,1.0,2,0.0,0.0,1,4,ember flame doshko,6.0,1d8+3,7.5,,,,,7,0,12,0,0,12,0,0,0,0,0,0,7,0,0,0,12,0,7,0
Skittermander Whelp,0.3,135,N,Diminutive,humanoid,3,6,10,11,0,4,0,30,-2.0,3,0.0,-2.0,1,0,,,,,,,,,7,3,0,0,0,0,0,0,0,0,0,0,7,0,0,0,0,0,7,0
Skreeling,3.0,800,NE,Small,aberration,4,35,14,15,2,2,8,20,1.0,4,2.0,1.0,-1,-1,bite,9.0,1d4+4,6.5,,,,,8,13,0,0,0,0,0,0,8,0,0,0,8,0,0,0,0,0,13,13
Skreesire,7.0,3200,NE,Large,aberration,4,100,19,20,6,6,12,30,2.0,4,1.0,5.0,1,-2,bite,15.0,1d8+9,13.5,,,,,14,19,0,0,0,0,0,0,14,0,0,0,14,0,0,0,0,0,19,19
Sky Fisher,5.0,1600,N,Huge,aberration,5,75,17,18,7,7,6,15,2.0,4,3.0,-1.0,0,-1,bite,14.0,1d6+7,10.5,lasso,14.0,1d4+7,9.5,11,0,0,0,0,0,0,0,0,0,0,0,16,0,0,0,0,0,11,0
Small Elemental,1.0,400,N,Small,outsider,2,20,12,13,5,3,1,20,4.0,2,1.0,-3.0,0,0,slam,9.0,1d6+5,8.5,,,,,5,5,0,0,0,0,0,0,0,0,0,0,5,0,0,0,0,0,0,0
Small Herd Animal,0.3,135,N,Small,animal,2,6,10,12,2,3,1,30,-2.0,2,0.0,-4.0,1,-2,,,,,,,,,3,0,0,0,0,0,0,0,0,0,0,0,3,0,0,0,0,0,0,0
Small Predator,0.3,135,N,Small,animal,2,6,10,12,0,2,1,30,-2.0,2,0.0,-4.0,1,-2,,,,,,,,,3,3,0,0,0,0,0,0,0,0,0,0,3,0,0,0,0,0,3,0
Space Goblin Honchohead,2.0,600,NE,Small,humanoid,4,24,14,15,1,3,5,35,0.0,4,1.0,2.0,0,0,dogslicer,6.0,1d4+2,4.5,unstable junklaser,9.0,1d4+2,4.5,0,0,0,12,0,0,0,0,12,0,0,0,7,0,7,0,0,0,12,0
Space Goblin Zaperator,0.3,135,NE,Small,humanoid,3,6,11,12,0,2,2,35,0.0,3,0.0,1.0,0,0,,,,,,,,,0,0,0,7,0,0,0,7,0,0,0,0,3,0,0,0,0,0,7,3
Squox,0.3,135,N,Tiny,animal,3,6,11,11,1,4,0,40,-3.0,3,0.0,-4.0,0,1,,,,,,,,,7,3,0,0,0,0,0,0,0,0,0,0,3,0,0,0,0,0,7,0
Surnoch,9.0,6400,N,Large,animal,6,145,22,24,13,13,8,30,3.0,6,4.0,-4.0,2,0,bite,21.0,2d10+12,23.0,acid jet,18.0,3d6+9,19.5,17,0,0,0,0,0,0,0,0,0,0,0,17,0,0,0,0,0,22,0
Swarm Corrovox,3.0,800,CE,Medium,monstrous humanoid,4,40,14,16,5,7,4,40,2.0,4,1.0,-1.0,1,-3,claw,9.0,1d6+5,8.5,acid cannon,12.0,1d4+3,5.5,8,8,0,0,0,0,0,0,0,0,0,0,13,0,0,0,0,0,8,0
Swarm Mindreaper,7.0,3200,CE,Medium,monstrous humanoid,4,90,18,19,6,8,12,30,1.0,4,2.0,1.0,5,-1,arm spike,14.0,1d8+8,12.5,,,,,0,14,0,0,0,0,0,0,0,0,0,19,19,0,0,0,0,0,14,0
Swarm Thresher Lord,10.0,9600,CE,Large,monstrous humanoid,5,165,23,25,14,14,11,30,8.0,5,3.0,-2.0,1,-3,arm blade,23.0,2d10+18,29.0,,,,,19,19,0,0,0,0,0,0,0,0,0,0,19,0,0,0,0,0,24,0
Symbiend,0.3,135,N,Diminutive,aberration,3,6,11,11,0,2,2,15,0.0,3,0.0,1.0,0,0,,,,,,,,,0,0,0,0,0,0,0,0,0,0,0,0,7,0,0,0,0,0,7,7
Synapse Worm,2.0,600,N,Small,vermin,0,25,13,15,6,4,1,20,4.0,0,1.0,,2,0,bite,10.0,1d6+6,9.5,,,,,0,7,0,0,0,0,0,0,0,0,0,0,7,0,0,0,0,0,12,7
Tashtari,3.0,800,N,Medium,magical beast,4,40,14,16,7,7,2,30,2.0,4,1.0,0.0,1,-1,bite,9.0,1d6+5,8.5,muzzle beam,12.0,1d4+3,5.5,8,8,0,0,0,0,0,0,0,0,0,0,8,0,0,0,0,0,13,0
Tashtari Alpha,7.0,3200,N,Medium,magical beast,5,105,19,21,11,11,6,30,4.0,5,2.0,1.0,1,-1,bite,15.0,2d6+11,18.0,muzzle beam,18.0,2d6+7,14.0,14,14,0,0,0,0,0,0,0,0,0,0,14,0,0,0,0,0,19,0
Tekhoinos,10.0,9600,N,Medium,outsider,5,145,23,24,11,9,13,20,2.0,5,2.0,2.0,8,3,slam,19.0,2d8+12,21.0,telekinetic blast,21.0,2d8+10,19.0,19,0,0,0,19,0,0,19,0,19,0,24,19,0,0,0,19,0,24,0
Thasteron Khefak,3.0,800,N,Medium,vermin,2,40,14,16,7,5,2,30,1.0,2,4.0,,0,-3,claw,11.0,1d6+4,7.5,,,,,0,0,0,0,0,0,0,0,0,0,0,0,8,0,0,0,0,0,0,0
Thermatrod,3.0,800,CN,Large,magical beast,1,39,14,16,7,5,2,30,4.0,1,2.0,0.0,0,0,slam,10.0,1d6+7,10.5,,,,,7,12,0,0,0,0,0,0,7,0,0,0,8,0,0,0,0,0,0,0
Theropod,9.0,6400,N,Gargantuan,animal,1,145,22,24,14,11,9,40,7.0,1,4.0,-4.0,1,-1,bite,21.0,2d10+16,27.0,,,,,0,0,0,0,0,0,0,0,0,0,0,0,17,0,0,0,0,0,0,0
Thyreophoran,6.0,2400,N,Huge,animal,0,83,18,22,11,8,5,30,5.0,0,3.0,-4.0,1,-2,tail,15.0,1d8+11,15.5,,,,,0,0,0,0,0,0,0,0,0,0,0,0,13,0,0,0,0,0,0,0
Tiefling,2.0,600,LE,Medium,outsider,5,23,13,14,0,5,3,30,1.0,4,0.0,2.0,0,0,tactical baton,8.0,1d4+1,3.5,,,,,13,8,13,0,0,0,0,0,0,0,0,0,8,0,0,0,0,8,8,0
Tiny Elemental,0.3,135,N,Tiny,outsider,1,6,11,12,3,1,0,20,3.0,1,0.0,-3.0,0,0,slam,5.0,1d6+3,6.5,,,,,3,3,0,0,0,0,0,0,0,0,0,0,3,0,0,0,0,0,0,0
Trained Squox,1.0,400,N,Tiny,animal,4,20,12,12,3,6,1,40,-2.0,4,2.0,-4.0,0,1,bite,7.0,1d4+1,3.5,,,,,10,5,0,0,0,0,0,0,0,0,0,0,5,0,0,0,0,0,10,0
Tritidair,8.0,4800,CG,Small,outsider,4,105,20,19,7,9,11,30,-1.0,4,0.0,1.0,2,6,holy tritidair sintered starknife,16.0,4d4+4,14.0,light ray,16.0,1d10+8,13.5,21,0,0,0,0,0,0,0,0,0,0,16,21,16,0,0,0,0,0,0
Trox,2.0,600,NG,Large,monstrous humanoid,0,25,13,15,6,5,3,40,4.0,0,2.0,0.0,1,0,assault hammer,11.0,1d6+6,9.5,,,,,0,12,0,0,0,0,0,0,7,0,0,7,7,0,0,0,0,0,0,0
Trox Defensor,9.0,6400,LG,Large,monstrous humanoid,4,145,22,24,13,12,10,50,6.0,0,4.0,1.0,3,1,advanced swoop hammer,22.0,3d10+18,34.5,advanced arc emitter,19.0,2d4+9,14.0,0,22,0,0,0,0,0,0,17,0,0,17,17,0,0,0,0,0,0,0
Twinsoul,8.0,4800,N,Large,aberration,2,125,20,22,10,10,9,60,6.0,2,0.0,-2.0,4,0,tentacle,19.0,1d6+14,17.5,,,,,16,0,0,0,0,0,0,0,0,0,0,0,21,0,0,0,0,0,0,16
Uplifted Bear Avenger,4.0,1200,CN,Large,magical beast,7,56,16,18,8,8,3,50,5.0,3,1.0,1.0,0,0,claw,13.0,1d6+9,12.5,,,,,0,15,0,0,0,0,0,0,10,0,0,0,10,0,0,0,0,0,0,10
Uplifted Bear Constellate,7.0,3200,N,Large,magical beast,4,108,20,22,11,11,6,40,5.0,4,1.0,1.0,0,2,claw,18.0,2d6+12,19.0,red star plasma pistol,15.0,1d8+7,11.5,0,19,0,0,0,0,0,0,14,0,0,14,14,0,0,0,0,0,0,0
Urog,3.0,800,N,Large,magical beast,1,35,14,15,4,4,6,20,1.0,1,2.0,4.0,0,-1,slam,10.0,1d4+4,6.5,electrical discharge,8.0,1d4+3,5.5,0,0,0,13,0,0,0,13,0,8,0,0,8,8,0,13,0,0,0,0
Veolisk,6.0,2400,CE,Medium,magical beast,6,90,18,20,10,10,5,20,5.0,2,3.0,-4.0,0,2,bite,17.0,1d8+11,15.5,,,,,13,0,0,0,0,0,0,0,13,0,0,0,13,0,0,0,0,0,18,0
Verthani Aether Pilot,2.0,600,N,Medium,humanoid,4,23,14,15,1,4,5,30,1.0,4,1.0,2.0,1,0,survival knife,6.0,1d4+3,5.5,static arc pistol,8.0,1d6+2,5.5,13,0,0,8,0,0,0,8,0,0,0,0,8,0,16,0,0,0,13,0
Verthani Pure One,9.0,6400,N,Medium,humanoid,4,116,23,24,8,8,12,30,1.0,4,2.0,2.0,6,3,carbon staff,15.0,1d8+10,14.5,aphelion laser pistol,17.0,3d4+9,16.5,0,0,0,0,17,17,0,0,0,17,22,22,17,0,0,0,17,0,0,0
Vlaka Handler,6.0,2400,NG,Medium,humanoid,2,80,18,19,5,7,9,30,0.0,2,0.0,3.0,0,5,tactical knife,12.0,2d4+6,11.0,corona laser pistol,14.0,2d4+6,11.0,0,0,0,0,13,18,0,0,0,0,18,0,13,0,13,0,18,0,0,0
Vlaka Tracker,2.0,600,LN,Medium,humanoid,4,23,13,14,3,5,3,30,0.0,2,1.0,4.0,0,0,tactical baton,6.0,1d4+2,4.5,static arc pistol,8.0,1d6+2,5.5,0,0,0,12,0,0,0,12,0,7,12,0,7,0,0,0,0,0,7,0
Void Hag,10.0,9600,NE,Medium,monstrous humanoid,7,118,25,27,9,11,15,30,1.0,3,0.0,8.0,2,3,ultrathin dagger,17.0,4d4+11,21.0,,,,,19,0,0,0,0,0,0,0,24,0,0,24,19,0,0,0,0,0,19,0
Void Palm,7.0,3200,N,Large,plant,4,100,19,20,10,8,6,10,2.0,4,5.0,-2.0,1,0,lash,15.0,1d8+9,13.5,,,,,19,19,0,0,0,0,0,0,0,0,0,0,14,0,0,0,0,0,14,19
Void Zombie,1.0,400,NE,Medium,undead,2,22,11,15,3,3,3,40,4.0,2,,,0,0,slam,8.0,1d6+5,8.5,,,,,0,10,0,0,0,0,0,0,0,0,0,0,5,0,0,0,0,0,0,0
Vracinea,4.0,1200,N,Large,plant,3,51,16,18,8,6,3,15,5.0,3,1.0,-4.0,0,0,bite,12.0,1d6+9,12.5,,,,,0,10,0,0,0,0,0,0,0,0,0,0,10,0,0,0,0,0,15,10
Warmonger Devil (Levaloch),7.0,3200,LE,Large,outsider,3,105,19,21,11,9,6,40,5.0,3,4.0,2.0,3,2,sintered trident,17.0,2d8+12,21.0,corona laser rifle,15.0,2d6+7,14.0,14,14,0,0,0,0,0,14,14,0,0,14,19,0,0,0,0,0,14,0
Warpmoth Swarm,6.0,2400,N,Fine,vermin,5,90,18,20,8,10,5,30,-5.0,5,3.0,,0,-3,,,,,,,,,13,0,0,0,0,0,0,0,0,0,0,0,13,0,0,0,0,0,0,0
Whiskered Renkroda,5.0,1600,N,Large,animal,2,75,17,19,9,9,4,50,5.0,2,3.0,-4.0,1,0,bite,14.0,1d6+10,13.5,,,,,0,16,0,0,0,0,0,0,0,0,0,0,11,0,0,0,0,0,11,11
Witchwyrd,6.0,2400,LN,Medium,monstrous humanoid,2,60,20,18,5,7,11,30,3.0,2,1.0,4.0,1,5,sentinel staff,13.0,1d10+9,14.5,,,,,0,0,18,0,13,18,0,0,0,0,0,13,13,0,0,0,0,0,0,0
Woioko,4.0,1200,LN,Medium,humanoid,3,45,17,17,3,5,7,30,1.0,3,0.0,1.0,1,5,tactical spear,8.0,1d6+5,8.5,,,,,0,15,0,0,10,15,0,0,0,0,0,0,10,0,10,0,15,0,0,0
Wrikreechee,3.0,800,LN,Medium,monstrous humanoid,-1,36,12,13,2,4,6,20,0.0,-1,1.0,4.0,1,3,survival knife,10.0,1d4+3,5.5,,,,,0,8,0,0,0,13,0,13,0,0,8,0,8,0,0,0,13,0,0,0
Writher Swarm,9.0,6400,N,Fine,plant,4,145,22,24,14,12,9,10,0.0,4,6.0,,3,0,,,,,,,,,0,17,0,0,0,0,0,0,0,0,0,0,17,0,0,0,0,0,0,17
Xaarb,5.0,1600,N,Medium,magical beast,3,72,17,19,9,9,4,40,5.0,3,2.0,0.0,-2,0,slam,15.0,1d6+10,13.5,,,,,0,11,0,0,0,0,0,0,16,0,0,0,11,11,0,0,0,0,0,0
Yaruk,8.0,4800,N,Gargantuan,animal,0,130,20,22,12,10,7,40,6.0,0,4.0,-4.0,2,1,slam,20.0,3d4+14,21.5,,,,,0,16,0,0,0,0,0,0,0,0,0,0,21,0,0,0,0,0,0,16
Young Adult Blue Dragon,11.0,12800,LE,Huge,dragon,4,183,24,26,15,13,13,40,8.0,0,5.0,3.0,3,3,bite,24.0,4d6+19,33.0,aurora arc rifle,21.0,2d12+11,24.0,25,0,25,20,0,0,0,20,0,0,0,20,20,0,0,0,0,0,0,0
